CookerStat, GenerateAssetRegistry=0.033639, Initialize=0.142969, RunGuid=RunIDCF08D234431C02F5CAB39291F5409DCC
DDCTransactionId3A64ED1F4B7EE401C1612BAE24D44A04_0, PutCachedData=, CacheKey=REFL_ENC_96DFC022836B48889143E9DF484C3296_FC6F25314D669D9BB49B34848E177CEE, StartTime=2016.04.02-11.33.34, HierarchicalDDC=, DataSize=524280, Duration=3.350183, RunGuid=RunIDCF08D234431C02F5CAB39291F5409DCC
DDCTransactionId90F6C70543C3CD1FAAB4FEB0DE8A681C_0, PutCachedData=, CacheKey=STATICMESH_37403C6FB9441A6992E4CB614156E6A_8C68575CEF434CA8A9E1DA4AED8A47BB_40__209D61C9AEFABA1CE877805DD01DF4942A192F16, StartTime=2016.04.02-11.33.34, HierarchicalDDC=, DataSize=61225, Duration=1.964338, RunGuid=RunIDCF08D234431C02F5CAB39291F5409DCC
DDCTransactionId3A4217D14EAEF838FE455BAD525FA02A_0, BuildTexture=, CacheKey=TEXTURE_814DCC3DC72143F49509781513CB9855_BC5_B38E23DA440DE0F3E709A1902DCAF3E3_07_0000803F0000803F0000803F000000000000803F00000000000000000000803F00000000000000000200000001000000000000000100000000040000803FFFFFFFFF00000000FF00FF00FFFF8180803B, StartTime=2016.04.02-11.33.35, Duration=614.108337, RunGuid=RunIDCF08D234431C02F5CAB39291F5409DCC
DDCTransactionIdF4F03AF144892B5B1F7791AD329451A9_0, PutCachedData=, CacheKey=TEXTURE_814DCC3DC72143F49509781513CB9855_BC5_B38E23DA440DE0F3E709A1902DCAF3E3___95F1A67DEA6559A27515D3D8004A3B1008A4834B, StartTime=2016.04.02-11.33.35, HierarchicalDDC=, DataSize=4194565, Duration=19.746613, RunGuid=RunIDCF08D234431C02F5CAB39291F5409DCC
DDCTransactionId3A64ED1F4B7EE401C1612BAE24D44A04_1, PutCachedData=, CacheKey=TEXTURE_814DCC3DC72143F49509781513CB9855_BC5_B38E23DA440DE0F3E709A1902DCAF3E3___9EBEFBF246679BD125448E3E71787C83F664D02E, StartTime=2016.04.02-11.33.35, HierarchicalDDC=, DataSize=1048837, Duration=4.191168, RunGuid=RunIDCF08D234431C02F5CAB39291F5409DCC
DDCTransactionId90F6C70543C3CD1FAAB4FEB0DE8A681C_1, PutCachedData=, CacheKey=TEXTURE_814DCC3DC72143F49509781513CB9855_BC5_B38E23DA440DE0F3E709A1902DCAF3E3___43A982BF782FDD57C7AEC3074346B97B7AC1CA88, StartTime=2016.04.02-11.33.35, HierarchicalDDC=, DataSize=262403, Duration=8.985303, RunGuid=RunIDCF08D234431C02F5CAB39291F5409DCC
DDCTransactionId3A64ED1F4B7EE401C1612BAE24D44A04_2, PutCachedData=, CacheKey=TEXTURE_814DCC3DC72143F49509781513CB9855_BC5_B38E23DA440DE0F3E709A1902DCAF3E3___6D686EC29DAA6F08A58D940A0E46DDA0984F8A3A, StartTime=2016.04.02-11.33.35, HierarchicalDDC=, DataSize=65795, Duration=3.622103, RunGuid=RunIDCF08D234431C02F5CAB39291F5409DCC
DDCTransactionId3A64ED1F4B7EE401C1612BAE24D44A04_3, PutCachedData=, CacheKey=TEXTURE_814DCC3DC72143F49509781513CB9855_BC5_B38E23DA440DE0F3E709A1902DCAF3E3___EB7FDA6496569250A273068E9F29ECD1C5804BB1, StartTime=2016.04.02-11.33.35, HierarchicalDDC=, DataSize=16643, Duration=1.982432, RunGuid=RunIDCF08D234431C02F5CAB39291F5409DCC
DDCTransactionId90F6C70543C3CD1FAAB4FEB0DE8A681C_2, PutCachedData=, CacheKey=TEXTURE_814DCC3DC72143F49509781513CB9855_BC5_B38E23DA440DE0F3E709A1902DCAF3E3___5F9625E8A8F769E5BE209910A4B036C40F618EE4, StartTime=2016.04.02-11.33.35, HierarchicalDDC=, DataSize=7468, Duration=3.637396, RunGuid=RunIDCF08D234431C02F5CAB39291F5409DCC
DDCTransactionId3A4217D14EAEF838FE455BAD525FA02A_1, BuildTexture=, CacheKey=TEXTURE_814DCC3DC72143F49509781513CB9855_DXT1_7221BB2C4C32EF5086FE16B687CEEF6A_07_0000803F0000803F0000803F000000000000803F00000000000000000000803F00000000000000000200000001000100000000000101000000040000803FFFFFFFFF00000000FF00FF00FFFF8180803B, StartTime=2016.04.02-11.33.35, Duration=1338.122681, RunGuid=RunIDCF08D234431C02F5CAB39291F5409DCC
DDCTransactionId3A64ED1F4B7EE401C1612BAE24D44A04_4, PutCachedData=, CacheKey=TEXTURE_814DCC3DC72143F49509781513CB9855_DXT1_7221BB2C4C32EF5086FE16B687CEEF6A__56EA079B2A2A2B25F03C74928E8EB42688ACCC9C, StartTime=2016.04.02-11.33.37, HierarchicalDDC=, DataSize=2097414, Duration=12.954250, RunGuid=RunIDCF08D234431C02F5CAB39291F5409DCC
DDCTransactionId90F6C70543C3CD1FAAB4FEB0DE8A681C_3, PutCachedData=, CacheKey=TEXTURE_814DCC3DC72143F49509781513CB9855_DXT1_7221BB2C4C32EF5086FE16B687CEEF6A__8FF58A59360BDE0DB736884A31BEB9F6E6907E11, StartTime=2016.04.02-11.33.37, HierarchicalDDC=, DataSize=524550, Duration=8.648649, RunGuid=RunIDCF08D234431C02F5CAB39291F5409DCC
DDCTransactionIdF4F03AF144892B5B1F7791AD329451A9_1, PutCachedData=, CacheKey=TEXTURE_814DCC3DC72143F49509781513CB9855_DXT1_7221BB2C4C32EF5086FE16B687CEEF6A__0BAAF5466861C614B46C70079CB2FBAB2F776E33, StartTime=2016.04.02-11.33.37, HierarchicalDDC=, DataSize=131332, Duration=2.107307, RunGuid=RunIDCF08D234431C02F5CAB39291F5409DCC
DDCTransactionIdF4F03AF144892B5B1F7791AD329451A9_2, PutCachedData=, CacheKey=TEXTURE_814DCC3DC72143F49509781513CB9855_DXT1_7221BB2C4C32EF5086FE16B687CEEF6A__37327575C2C1B6430B7A01398752328849A201A0, StartTime=2016.04.02-11.33.37, HierarchicalDDC=, DataSize=33028, Duration=4.924867, RunGuid=RunIDCF08D234431C02F5CAB39291F5409DCC
DDCTransactionIdF4F03AF144892B5B1F7791AD329451A9_3, PutCachedData=, CacheKey=TEXTURE_814DCC3DC72143F49509781513CB9855_DXT1_7221BB2C4C32EF5086FE16B687CEEF6A__CAAB019B7A616139B28D3812E15D234F2BEDEFE8, StartTime=2016.04.02-11.33.37, HierarchicalDDC=, DataSize=8452, Duration=2.008941, RunGuid=RunIDCF08D234431C02F5CAB39291F5409DCC
DDCTransactionId90F6C70543C3CD1FAAB4FEB0DE8A681C_4, PutCachedData=, CacheKey=TEXTURE_814DCC3DC72143F49509781513CB9855_DXT1_7221BB2C4C32EF5086FE16B687CEEF6A__CC4088E3FA8B4AE2C8724E577C76E74E158CD47D, StartTime=2016.04.02-11.33.37, HierarchicalDDC=, DataSize=4731, Duration=2.714090, RunGuid=RunIDCF08D234431C02F5CAB39291F5409DCC
DDCTransactionId3A4217D14EAEF838FE455BAD525FA02A_2, BuildTexture=, CacheKey=TEXTURE_814DCC3DC72143F49509781513CB9855_AutoDXT_062697E84EB0EE78B9C1618ED2B6A660_07_0000803F0000803F0000803F000000000000803F00000000000000000000803F00000000000000000200000001000100000000000101000000040000803FFFFFFFFF00000000FF00FF00FFFF8180803B, StartTime=2016.04.02-11.33.37, Duration=2732.642578, RunGuid=RunIDCF08D234431C02F5CAB39291F5409DCC
DDCTransactionIdF4F03AF144892B5B1F7791AD329451A9_4, PutCachedData=, CacheKey=TEXTURE_814DCC3DC72143F49509781513CB9855_AutoDXT_062697E84EB0EE78B9C1618ED2B6A__4327F7B34337D36790FC7CA116E86E29750F66D6, StartTime=2016.04.02-11.33.40, HierarchicalDDC=, DataSize=4194569, Duration=11.772021, RunGuid=RunIDCF08D234431C02F5CAB39291F5409DCC
DDCTransactionId3A64ED1F4B7EE401C1612BAE24D44A04_5, PutCachedData=, CacheKey=TEXTURE_814DCC3DC72143F49509781513CB9855_AutoDXT_062697E84EB0EE78B9C1618ED2B6A__E8D4FC85E6C855348C6C832BF81AAE78517CF221, StartTime=2016.04.02-11.33.40, HierarchicalDDC=, DataSize=1048841, Duration=5.487561, RunGuid=RunIDCF08D234431C02F5CAB39291F5409DCC
DDCTransactionId90F6C70543C3CD1FAAB4FEB0DE8A681C_5, PutCachedData=, CacheKey=TEXTURE_814DCC3DC72143F49509781513CB9855_AutoDXT_062697E84EB0EE78B9C1618ED2B6A__B4B2C70FEDA018F1626AE63D37BAC3D1F15A9BF2, StartTime=2016.04.02-11.33.40, HierarchicalDDC=, DataSize=262407, Duration=6.699093, RunGuid=RunIDCF08D234431C02F5CAB39291F5409DCC
DDCTransactionId90F6C70543C3CD1FAAB4FEB0DE8A681C_6, PutCachedData=, CacheKey=TEXTURE_814DCC3DC72143F49509781513CB9855_AutoDXT_062697E84EB0EE78B9C1618ED2B6A__C33B9EC0B0EB93D1693194740E47E759B045A173, StartTime=2016.04.02-11.33.40, HierarchicalDDC=, DataSize=65799, Duration=2.280857, RunGuid=RunIDCF08D234431C02F5CAB39291F5409DCC
DDCTransactionIdF4F03AF144892B5B1F7791AD329451A9_5, PutCachedData=, CacheKey=TEXTURE_814DCC3DC72143F49509781513CB9855_AutoDXT_062697E84EB0EE78B9C1618ED2B6A__54F302F0FA70D28EF46B45C512B67AD27B3C2538, StartTime=2016.04.02-11.33.40, HierarchicalDDC=, DataSize=16647, Duration=3.964357, RunGuid=RunIDCF08D234431C02F5CAB39291F5409DCC
DDCTransactionId3A64ED1F4B7EE401C1612BAE24D44A04_6, PutCachedData=, CacheKey=TEXTURE_814DCC3DC72143F49509781513CB9855_AutoDXT_062697E84EB0EE78B9C1618ED2B6A__B2498437174F53D8AC6B5B9748AD3A5DD652795B, StartTime=2016.04.02-11.33.40, HierarchicalDDC=, DataSize=7493, Duration=2.267349, RunGuid=RunIDCF08D234431C02F5CAB39291F5409DCC
DDCTransactionId3A4217D14EAEF838FE455BAD525FA02A_3, BuildTexture=, CacheKey=TEXTURE_814DCC3DC72143F49509781513CB9855_BC5_0D80CFF94ECE8E3C1B6D449AD9623D8D_07_0000803F0000803F0000803F000000000000803F00000000000000000000803F00000000000000000200000001000000000000000100000000040000803FFFFFFFFF00000000FF00FF00FFFF8180803B, StartTime=2016.04.02-11.33.40, Duration=165.545868, RunGuid=RunIDCF08D234431C02F5CAB39291F5409DCC
DDCTransactionId90F6C70543C3CD1FAAB4FEB0DE8A681C_7, PutCachedData=, CacheKey=TEXTURE_814DCC3DC72143F49509781513CB9855_BC5_0D80CFF94ECE8E3C1B6D449AD9623D8D___D8359E60EDB176A302A0684E18CE0296A2A05AF9, StartTime=2016.04.02-11.33.40, HierarchicalDDC=, DataSize=1048837, Duration=4.925884, RunGuid=RunIDCF08D234431C02F5CAB39291F5409DCC
DDCTransactionId3A64ED1F4B7EE401C1612BAE24D44A04_7, PutCachedData=, CacheKey=TEXTURE_814DCC3DC72143F49509781513CB9855_BC5_0D80CFF94ECE8E3C1B6D449AD9623D8D___1594F74915DBD393D785E0BF1185EA0082BBE562, StartTime=2016.04.02-11.33.40, HierarchicalDDC=, DataSize=262403, Duration=5.172063, RunGuid=RunIDCF08D234431C02F5CAB39291F5409DCC
DDCTransactionIdF4F03AF144892B5B1F7791AD329451A9_6, PutCachedData=, CacheKey=TEXTURE_814DCC3DC72143F49509781513CB9855_BC5_0D80CFF94ECE8E3C1B6D449AD9623D8D___C1C4DD7585B43CB5AEEF4C8ED9E0D5DA9E217883, StartTime=2016.04.02-11.33.40, HierarchicalDDC=, DataSize=65795, Duration=2.501045, RunGuid=RunIDCF08D234431C02F5CAB39291F5409DCC
DDCTransactionIdF4F03AF144892B5B1F7791AD329451A9_7, PutCachedData=, CacheKey=TEXTURE_814DCC3DC72143F49509781513CB9855_BC5_0D80CFF94ECE8E3C1B6D449AD9623D8D___D763E8ADEE1B3E434A55139EA0623CB72C952245, StartTime=2016.04.02-11.33.40, HierarchicalDDC=, DataSize=16643, Duration=2.499003, RunGuid=RunIDCF08D234431C02F5CAB39291F5409DCC
DDCTransactionId90F6C70543C3CD1FAAB4FEB0DE8A681C_8, PutCachedData=, CacheKey=TEXTURE_814DCC3DC72143F49509781513CB9855_BC5_0D80CFF94ECE8E3C1B6D449AD9623D8D___89C301002200715EFDB647947680B71829E23481, StartTime=2016.04.02-11.33.40, HierarchicalDDC=, DataSize=7175, Duration=2.113935, RunGuid=RunIDCF08D234431C02F5CAB39291F5409DCC
MaterialTransactionIdCC6B98F64692B113176444B01A64186F_0, CacheKey=MATSM_4F0644619F9C48FF91E0D494C95EB050_PCD3D_SM5_5__BC5N_DEV_SL_NoDBuf_EARLYZ3D7138681479D494DE18B02A64F6D2254_Num_SM5__0_66F45EB54557E1DEAA50C7B3CAA415AC__TBasePassVSTDistanceFieldShadowsAndLightMapPolicyHQAtmosphericFog8B18AAF8F9198748E9489BA6EBEFA581D907D7CD2094224222222222222222222222224222222222222222222222222222222222222222222424444444440222222222222222222222244442222222222222222222222222222221240222224222222222222222222222222222222222222222222222222222222000044040000001400000014000000140000001400000014000000_TBasePassVSFCachedVolumeIndirectLightingPolicyAtmosphericFog8B18AAF8F9198748E9489BA6EBEFA581D907D7CD2094224222222222222222222222224222222222222222222222222222222222222222222424444444440222222222222222222222244442222222222222222222222222222221240222224222222222222222222222222222222222222222222222222222222000044040000001400000014000000140000001400000014000000_TShadowDepthVSForGSVertexShadowDepth_PerspectiveCorrecttrue4B45B91074D2CFA7ACE4DE03393192218069847A170422422222222222222222222222422222222222222222222222222222222222222222242444444444022222222222222222222224444222222222222222222222222222222124022222222222222222222020040440000001400000014000000140000001400000014000000_TBasePassVSFCachedPointIndirectLightingPolicyAtmosphericFog8B18AAF8F9198748E9489BA6EBEFA581D907D7CD2094224222222222222222222222224222222222222222222222222222222222222222222424444444440222222222222222222222244442222222222222222222222222222221240222224222222222222222222222222222222222222222222222222222222000044040000001400000014000000140000001400000014000000_TBasePassPSTDistanceFieldShadowsAndLightMapPolicyHQSkylight8B95D470BB4BF92A5C22A48B60B9DA18A2BE42522144224222222222222222222222224222222222222222222222222222222222222222222424444444440222222222222222222222244442222222222222222222222222222221240222224222222222222222222222222222222222222222222222222222222222202004044001400000014000000140000001400000014000000_TShadowDepthPSPixelShadowDepth_NonPerspectiveCorrecttrueCAB07D2D95B9FDBA4D93434B857B7D78E9EF61F717742242222222222222222222222242222222222222222222222222222222222222222224244444444402222222222222222222222444422222222222222222222222222222212402222222222222222222222222222000044040000001400000014000000140000001400000014000000_TShadowDepthVSVertexShadowDepth_PerspectiveCorrecttrue4B45B91074D2CFA7ACE4DE03393192218069847A170422422222222222222222222222422222222222222222222222222222222222222222242444444444022222222222222222222224444222222222222222222222222222222124022222222222222222222020040440000001400000014000000140000001400000014000000_TBasePassPSFCachedVolumeIndirectLightingPolicySkylight8B95D470BB4BF92A5C22A48B60B9DA18A2BE42522144224222222222222222222222224222222222222222222222222222222222222222222424444444440222222222222222222222244442222222222222222222222222222221240222224222222222222222222222222222222222222222222222222222222222202004044001400000014000000140000001400000014000000_TShadowDepthPSPixelShadowDepth_PerspectiveCorrecttrueCAB07D2D95B9FDBA4D93434B857B7D78E9EF61F717742242222222222222222222222242222222222222222222222222222222222222222224244444444402222222222222222222222444422222222222222222222222222222212402222222222222222222222222222000044040000001400000014000000140000001400000014000000_TBasePassVSFSimpleDynamicLightingPolicyAtmosphericFog8B18AAF8F9198748E9489BA6EBEFA581D907D7CD2094224222222222222222222222224222222222222222222222222222222222222222222424444444440222222222222222222222244442222222222222222222222222222221240222224222222222222222222222222222222222222222222222222222222000044040000001400000014000000140000001400000014000000_TBasePassPSFCachedPointIndirectLightingPolicySkylight8B95D470BB4BF92A5C22A48B60B9DA18A2BE42522144224222222222222222222222224222222222222222222222222222222222222222222424444444440222222222222222222222244442222222222222222222222222222221240222224222222222222222222222222222222222222222222222222222222222202004044001400000014000000140000001400000014000000_TShadowDepthVSForGSVertexShadowDepth_OutputDepthtrue4B45B91074D2CFA7ACE4DE03393192218069847A170422422222222222222222222222422222222222222222222222222222222222222222242444444444022222222222222222222224444222222222222222222222222222222124022222222222222222222020040440000001400000014000000140000001400000014000000_TShadowDepthPSPixelShadowDepth_OnePassPointLighttrueCAB07D2D95B9FDBA4D93434B857B7D78E9EF61F717742242222222222222222222222242222222222222222222222222222222222222222224244444444402222222222222222222222444422222222222222222222222222222212402222222222222222222222222222000044040000001400000014000000140000001400000014000000_TBasePassVSTDistanceFieldShadowsAndLightMapPolicyHQ8B18AAF8F9198748E9489BA6EBEFA581D907D7CD2094224222222222222222222222224222222222222222222222222222222222222222222424444444440222222222222222222222244442222222222222222222222222222221240222224222222222222222222222222222222222222222222222222222222000044040000001400000014000000140000001400000014000000_TBasePassPSTDistanceFieldShadowsAndLightMapPolicyHQ8B95D470BB4BF92A5C22A48B60B9DA18A2BE42522144224222222222222222222222224222222222222222222222222222222222222222222424444444440222222222222222222222244442222222222222222222222222222221240222224222222222222222222222222222222222222222222222222222222222202004044001400000014000000140000001400000014000000_TShadowDepthVSVertexShadowDepth_OutputDepthtrue4B45B91074D2CFA7ACE4DE03393192218069847A170422422222222222222222222222422222222222222222222222222222222222222222242444444444022222222222222222222224444222222222222222222222222222222124022222222222222222222020040440000001400000014000000140000001400000014000000_TBasePassPSFSimpleDynamicLightingPolicySkylight8B95D470BB4BF92A5C22A48B60B9DA18A2BE42522144224222222222222222222222224222222222222222222222222222222222222222222424444444440222222222222222222222244442222222222222222222222222222221240222224222222222222222222222222222222222222222222222222222222222202004044001400000014000000140000001400000014000000_TBasePassVSFCachedVolumeIndirectLightingPolicy8B18AAF8F9198748E9489BA6EBEFA581D907D7CD2094224222222222222222222222224222222222222222222222222222222222222222222424444444440222222222222222222222244442222222222222222222222222222221240222224222222222222222222222222222222222222222222222222222222000044040000001400000014000000140000001400000014000000_TBasePassPSFCachedVolumeIndirectLightingPolicy8B95D470BB4BF92A5C22A48B60B9DA18A2BE42522144224222222222222222222222224222222222222222222222222222222222222222222424444444440222222222222222222222244442222222222222222222222222222221240222224222222222222222222222222222222222222222222222222222222222202004044001400000014000000140000001400000014000000_TBasePassVSFCachedPointIndirectLightingPolicy8B18AAF8F9198748E9489BA6EBEFA581D907D7CD2094224222222222222222222222224222222222222222222222222222222222222222222424444444440222222222222222222222244442222222222222222222222222222221240222224222222222222222222222222222222222222222222222222222222000044040000001400000014000000140000001400000014000000_TBasePassPSFCachedPointIndirectLightingPolicy8B95D470BB4BF92A5C22A48B60B9DA18A2BE42522144224222222222222222222222224222222222222222222222222222222222222222222424444444440222222222222222222222244442222222222222222222222222222221240222224222222222222222222222222222222222222222222222222222222222202004044001400000014000000140000001400000014000000_TBasePassVSTLightMapPolicyLQAtmosphericFog8B18AAF8F9198748E9489BA6EBEFA581D907D7CD2094224222222222222222222222224222222222222222222222222222222222222222222424444444440222222222222222222222244442222222222222222222222222222221240222224222222222222222222222222222222222222222222222222222222000044040000001400000014000000140000001400000014000000_TBasePassVSTLightMapPolicyHQAtmosphericFog8B18AAF8F9198748E9489BA6EBEFA581D907D7CD2094224222222222222222222222224222222222222222222222222222222222222222222424444444440222222222222222222222244442222222222222222222222222222221240222224222222222222222222222222222222222222222222222222222222000044040000001400000014000000140000001400000014000000_TBasePassVSFNoLightMapPolicyAtmosphericFog8B18AAF8F9198748E9489BA6EBEFA581D907D7CD2094224222222222222222222222224222222222222222222222222222222222222222222424444444440222222222222222222222244442222222222222222222222222222221240222224222222222222222222222222222222222222222222222222222222000044040000001400000014000000140000001400000014000000_TBasePassVSFSimpleDynamicLightingPolicy8B18AAF8F9198748E9489BA6EBEFA581D907D7CD2094224222222222222222222222224222222222222222222222222222222222222222222424444444440222222222222222222222244442222222222222222222222222222221240222224222222222222222222222222222222222222222222222222222222000044040000001400000014000000140000001400000014000000_TBasePassPSFSimpleDynamicLightingPolicy8B95D470BB4BF92A5C22A48B60B9DA18A2BE42522144224222222222222222222222224222222222222222222222222222222222222222222424444444440222222222222222222222244442222222222222222222222222222221240222224222222222222222222222222222222222222222222222222222222222202004044001400000014000000140000001400000014000000_TBasePassPSTLightMapPolicyLQSkylight8B95D470BB4BF92A5C22A48B60B9DA18A2BE42522144224222222222222222222222224222222222222222222222222222222222222222222424444444440222222222222222222222244442222222222222222222222222222221240222224222222222222222222222222222222222222222222222222222222222202004044001400000014000000140000001400000014000000_TBasePassPSTLightMapPolicyHQSkylight8B95D470BB4BF92A5C22A48B60B9DA18A2BE42522144224222222222222222222222224222222222222222222222222222222222222222222424444444440222222222222222222222244442222222222222222222222222222221240222224222222222222222222222222222222222222222222222222222222222202004044001400000014000000140000001400000014000000_TBasePassPSFNoLightMapPolicySkylight8B95D470BB4BF92A5C22A48B60B9DA18A2BE42522144224222222222222222222222224222222222222222222222222222222222222222222424444444440222222222222222222222244442222222222222222222222222222221240222224222222222222222222222222222222222222222222222222222222222202004044001400000014000000140000001400000014000000_TBasePassVSTLightMapPolicyLQ8B18AAF8F9198748E9489BA6EBEFA581D907D7CD2094224222222222222222222222224222222222222222222222222222222222222222222424444444440222222222222222222222244442222222222222222222222222222221240222224222222222222222222222222222222222222222222222222222222000044040000001400000014000000140000001400000014000000_TBasePassVSTLightMapPolicyHQ8B18AAF8F9198748E9489BA6EBEFA581D907D7CD2094224222222222222222222222224222222222222222222222222222222222222222222424444444440222222222222222222222244442222222222222222222222222222221240222224222222222222222222222222222222222222222222222222222222000044040000001400000014000000140000001400000014000000_TBasePassVSFNoLightMapPolicy8B18AAF8F9198748E9489BA6EBEFA581D907D7CD2094224222222222222222222222224222222222222222222222222222222222222222222424444444440222222222222222222222244442222222222222222222222222222221240222224222222222222222222222222222222222222222222222222222222000044040000001400000014000000140000001400000014000000_TBasePassPSTLightMapPolicyLQ8B95D470BB4BF92A5C22A48B60B9DA18A2BE42522144224222222222222222222222224222222222222222222222222222222222222222222424444444440222222222222222222222244442222222222222222222222222222221240222224222222222222222222222222222222222222222222222222222222222202004044001400000014000000140000001400000014000000_TBasePassPSTLightMapPolicyHQ8B95D470BB4BF92A5C22A48B60B9DA18A2BE42522144224222222222222222222222224222222222222222222222222222222222222222222424444444440222222222222222222222244442222222222222222222222222222221240222224222222222222222222222222222222222222222222222222222222222202004044001400000014000000140000001400000014000000_TBasePassPSFNoLightMapPolicy8B95D470BB4BF92A5C22A48B60B9DA18A2BE42522144224222222222222222222222224222222222222222222222222222222222222222222424444444440222222222222222222222244442222222222222222222222222222221240222224222222222222222222222222222222222222222222222222222222222202004044001400000014000000140000001400000014000000_FEvaluateSurfelMaterialCS6258113C2EBBF117ED7778A8D1717F7C4F99C7B816742242222222222222222222222242222222222222222222222222222222222222222224244444444402222222222222222222222444422222222222222222222222222222222222222222222222222220000440414000000140000001400000014000000_FConvertToUniformMeshVSE7DF727A12438F2D529D6604B0B1C022849CCFEB152422422222222222222222222222422222222222222222222222222222222222222222242444444444022222222222222222222224444222222222222222222222222222222124022020040441400000014000000140000001400000014000000_FConvertToUniformMeshGSE7DF727A12438F2D529D6604B0B1C022849CCFEB152422422222222222222222222222422222222222222222222222222222222222222222242444444444022222222222222222222224444222222222222222222222222222222124022020040441400000014000000140000001400000014000000_TGPUSkinVertexFactoryfalse6A4FBF2D5FFE1532D4D5F4077DE2FE3E6913685313222222222222020000000_TGPUSkinVertexFactorytrue6A4FBF2D5FFE1532D4D5F4077DE2FE3E6913685313222222222222020000000_FLocalVertexFactory5897CEF715AB93237703E35F9ABEBB43E8E477D342242000000000648000404040404040404040404343434444434343434040404040404040404043434340404040440404040404040404040404043434344444343434340404040404040404040434343404040161010101010004242444444444444444241414143414141414131314141414443414440444444444444444141414141414141414341434141414141414141414141313144444142414444444141010100044434143414141414444444343414344444444044444444444444444444444444444444444444444444444444444444444444444444444444040101010101010101010101010101010101010101010101012104434343434441444444444444444401010101010101010101010101013014341434241414142444141303313131414444444400444444343212141414141414141414141414022341414141414141414101244343250000001000000010000000100000001000000010000000100000001000000010000000100000001000000010000000100000001000000010000000100000001000000010000000100000001000000010000000100000001000000010000000100000001000000025000000100000001000000010000000100000001000000010000000100000001000000010000000100000001000000010000000100000001000000010000000100000001000000010000000100000001000000010000000100000001000000010000000100000000800000008000000080000000800000008000000080000004900000010000000090000000800000010000000100000001000000026000000180000000900000009000000090000000900000009000000090000000900000009000000090000000900000009000000090000000900000009000000090000000900000009000000090000000800000008000000080000000800000008000000080000001C00000009000000090000000900000009000000090000000900000009000000080000000800000008000000080000000800000008000000080000000D0000000800000013000000100000000A0000000C00000074E440115B47681CD3D161286A830FA6BEC20DD50000000000000000000000000000000000000000, ShaderCompilation=8150.031738, RunGuid=RunIDCF08D234431C02F5CAB39291F5409DCC
MaterialTransactionIdCC6B98F64692B113176444B01A64186F_1, CacheKey=MATSM_4F0644619F9C48FF91E0D494C95EB050_PCD3D_SM5_5__BC5N_DEV_SL_NoDBuf_EARLYZ3860F1474465E5D4CE5EE279ECA7119BD_Num_SM5__0___TBasePassVSFCachedVolumeIndirectLightingPolicyAtmosphericFog8B18AAF8F9198748E9489BA6EBEFA581D907D7CD2094224222222222222222222222224222222222222222222222222222222222222222222424444444440222222222222222222222244442222222222222222222222222222221240222224222222222222222222222222222222222222222222222222222222000044040000001400000014000000140000001400000014000000_TShadowDepthVSForGSVertexShadowDepth_PerspectiveCorrecttrue4B45B91074D2CFA7ACE4DE03393192218069847A170422422222222222222222222222422222222222222222222222222222222222222222242444444444022222222222222222222224444222222222222222222222222222222124022222222222222222222020040440000001400000014000000140000001400000014000000_TBasePassVSFCachedPointIndirectLightingPolicyAtmosphericFog8B18AAF8F9198748E9489BA6EBEFA581D907D7CD2094224222222222222222222222224222222222222222222222222222222222222222222424444444440222222222222222222222244442222222222222222222222222222221240222224222222222222222222222222222222222222222222222222222222000044040000001400000014000000140000001400000014000000_TShadowDepthPSPixelShadowDepth_NonPerspectiveCorrecttrueCAB07D2D95B9FDBA4D93434B857B7D78E9EF61F717742242222222222222222222222242222222222222222222222222222222222222222224244444444402222222222222222222222444422222222222222222222222222222212402222222222222222222222222222000044040000001400000014000000140000001400000014000000_TShadowDepthVSVertexShadowDepth_PerspectiveCorrecttrue4B45B91074D2CFA7ACE4DE03393192218069847A170422422222222222222222222222422222222222222222222222222222222222222222242444444444022222222222222222222224444222222222222222222222222222222124022222222222222222222020040440000001400000014000000140000001400000014000000_TBasePassPSFCachedVolumeIndirectLightingPolicySkylight8B95D470BB4BF92A5C22A48B60B9DA18A2BE42522144224222222222222222222222224222222222222222222222222222222222222222222424444444440222222222222222222222244442222222222222222222222222222221240222224222222222222222222222222222222222222222222222222222222222202004044001400000014000000140000001400000014000000_TShadowDepthPSPixelShadowDepth_PerspectiveCorrecttrueCAB07D2D95B9FDBA4D93434B857B7D78E9EF61F717742242222222222222222222222242222222222222222222222222222222222222222224244444444402222222222222222222222444422222222222222222222222222222212402222222222222222222222222222000044040000001400000014000000140000001400000014000000_TBasePassVSFSimpleDynamicLightingPolicyAtmosphericFog8B18AAF8F9198748E9489BA6EBEFA581D907D7CD2094224222222222222222222222224222222222222222222222222222222222222222222424444444440222222222222222222222244442222222222222222222222222222221240222224222222222222222222222222222222222222222222222222222222000044040000001400000014000000140000001400000014000000_TBasePassPSFCachedPointIndirectLightingPolicySkylight8B95D470BB4BF92A5C22A48B60B9DA18A2BE42522144224222222222222222222222224222222222222222222222222222222222222222222424444444440222222222222222222222244442222222222222222222222222222221240222224222222222222222222222222222222222222222222222222222222222202004044001400000014000000140000001400000014000000_TShadowDepthVSForGSVertexShadowDepth_OutputDepthtrue4B45B91074D2CFA7ACE4DE03393192218069847A170422422222222222222222222222422222222222222222222222222222222222222222242444444444022222222222222222222224444222222222222222222222222222222124022222222222222222222020040440000001400000014000000140000001400000014000000_TShadowDepthPSPixelShadowDepth_OnePassPointLighttrueCAB07D2D95B9FDBA4D93434B857B7D78E9EF61F717742242222222222222222222222242222222222222222222222222222222222222222224244444444402222222222222222222222444422222222222222222222222222222212402222222222222222222222222222000044040000001400000014000000140000001400000014000000_TShadowDepthVSVertexShadowDepth_OutputDepthtrue4B45B91074D2CFA7ACE4DE03393192218069847A170422422222222222222222222222422222222222222222222222222222222222222222242444444444022222222222222222222224444222222222222222222222222222222124022222222222222222222020040440000001400000014000000140000001400000014000000_TBasePassPSFSimpleDynamicLightingPolicySkylight8B95D470BB4BF92A5C22A48B60B9DA18A2BE42522144224222222222222222222222224222222222222222222222222222222222222222222424444444440222222222222222222222244442222222222222222222222222222221240222224222222222222222222222222222222222222222222222222222222222202004044001400000014000000140000001400000014000000_TBasePassVSFCachedVolumeIndirectLightingPolicy8B18AAF8F9198748E9489BA6EBEFA581D907D7CD2094224222222222222222222222224222222222222222222222222222222222222222222424444444440222222222222222222222244442222222222222222222222222222221240222224222222222222222222222222222222222222222222222222222222000044040000001400000014000000140000001400000014000000_TBasePassPSFCachedVolumeIndirectLightingPolicy8B95D470BB4BF92A5C22A48B60B9DA18A2BE42522144224222222222222222222222224222222222222222222222222222222222222222222424444444440222222222222222222222244442222222222222222222222222222221240222224222222222222222222222222222222222222222222222222222222222202004044001400000014000000140000001400000014000000_TBasePassVSFCachedPointIndirectLightingPolicy8B18AAF8F9198748E9489BA6EBEFA581D907D7CD2094224222222222222222222222224222222222222222222222222222222222222222222424444444440222222222222222222222244442222222222222222222222222222221240222224222222222222222222222222222222222222222222222222222222000044040000001400000014000000140000001400000014000000_TBasePassPSFCachedPointIndirectLightingPolicy8B95D470BB4BF92A5C22A48B60B9DA18A2BE42522144224222222222222222222222224222222222222222222222222222222222222222222424444444440222222222222222222222244442222222222222222222222222222221240222224222222222222222222222222222222222222222222222222222222222202004044001400000014000000140000001400000014000000_TBasePassVSFNoLightMapPolicyAtmosphericFog8B18AAF8F9198748E9489BA6EBEFA581D907D7CD2094224222222222222222222222224222222222222222222222222222222222222222222424444444440222222222222222222222244442222222222222222222222222222221240222224222222222222222222222222222222222222222222222222222222000044040000001400000014000000140000001400000014000000_TBasePassVSFSimpleDynamicLightingPolicy8B18AAF8F9198748E9489BA6EBEFA581D907D7CD2094224222222222222222222222224222222222222222222222222222222222222222222424444444440222222222222222222222244442222222222222222222222222222221240222224222222222222222222222222222222222222222222222222222222000044040000001400000014000000140000001400000014000000_TBasePassPSFSimpleDynamicLightingPolicy8B95D470BB4BF92A5C22A48B60B9DA18A2BE42522144224222222222222222222222224222222222222222222222222222222222222222222424444444440222222222222222222222244442222222222222222222222222222221240222224222222222222222222222222222222222222222222222222222222222202004044001400000014000000140000001400000014000000_TBasePassPSFNoLightMapPolicySkylight8B95D470BB4BF92A5C22A48B60B9DA18A2BE42522144224222222222222222222222224222222222222222222222222222222222222222222424444444440222222222222222222222244442222222222222222222222222222221240222224222222222222222222222222222222222222222222222222222222222202004044001400000014000000140000001400000014000000_TBasePassVSFNoLightMapPolicy8B18AAF8F9198748E9489BA6EBEFA581D907D7CD2094224222222222222222222222224222222222222222222222222222222222222222222424444444440222222222222222222222244442222222222222222222222222222221240222224222222222222222222222222222222222222222222222222222222000044040000001400000014000000140000001400000014000000_TBasePassPSFNoLightMapPolicy8B95D470BB4BF92A5C22A48B60B9DA18A2BE42522144224222222222222222222222224222222222222222222222222222222222222222222424444444440222222222222222222222244442222222222222222222222222222221240222224222222222222222222222222222222222222222222222222222222222202004044001400000014000000140000001400000014000000_FEvaluateSurfelMaterialCS6258113C2EBBF117ED7778A8D1717F7C4F99C7B816742242222222222222222222222242222222222222222222222222222222222222222224244444444402222222222222222222222444422222222222222222222222222222222222222222222222222220000440414000000140000001400000014000000_FConvertToUniformMeshVSE7DF727A12438F2D529D6604B0B1C022849CCFEB152422422222222222222222222222422222222222222222222222222222222222222222242444444444022222222222222222222224444222222222222222222222222222222124022020040441400000014000000140000001400000014000000_FConvertToUniformMeshGSE7DF727A12438F2D529D6604B0B1C022849CCFEB152422422222222222222222222222422222222222222222222222222222222222222222242444444444022222222222222222222224444222222222222222222222222222222124022020040441400000014000000140000001400000014000000_FLocalVertexFactory5897CEF715AB93237703E35F9ABEBB43E8E477D34224200000000064000040404040404040404040434343444443434343404040404040404040404343434040404044040404040404040404040404343434444434343434040404040404040404043434340404016101010101000424244444444444444424141414341414141413131414141444341444044444444444444414141414141414141434143414141414141414141414131314444414241444444414101010004443414341414141444444434341434444444404444444444444444444444444444444444444444444444444444444444444444444444444404010101010101010101010101010101010101010101010101210440444444232341414141414141414141414121301214141414141414140443434343444144444444444444440101010101010101010101010101301434143424141414244414130331313141444444442500000010000000100000001000000010000000100000001000000010000000100000001000000010000000100000001000000010000000100000001000000010000000100000001000000010000000100000001000000010000000100000001000000010000000250000001000000010000000100000001000000010000000100000001000000010000000100000001000000010000000100000001000000010000000100000001000000010000000100000001000000010000000100000001000000010000000100000001000000008000000080000000800000008000000080000000800000049000000100000000900000008000000100000001000000010000000260000001800000009000000090000000900000009000000090000000900000009000000090000000900000009000000090000000900000009000000090000000900000009000000090000000900000008000000080000000800000008000000080000000800000013000000100000000A0000001C00000009000000090000000900000009000000090000000900000009000000080000000800000008000000080000000800000008000000080000000D00000008000000DA39A3EE5E6B4B0D3255BFEF95601890AFD807090000000000000000000000000000000000000000, ShaderCompilation=8379.884766, RunGuid=RunIDCF08D234431C02F5CAB39291F5409DCC
DDCTransactionId3A4217D14EAEF838FE455BAD525FA02A_4, BuildTexture=, CacheKey=TEXTURE_814DCC3DC72143F49509781513CB9855_AutoDXT_380CBEEC4B0365DC1BA4B4B03846A943_07_0000803F0000803F0000803F000000000000803F00000000000000000000803F0000000000000000020000000D000100000000000101000000040000803FFFFFFFFF00000000FF00FF00FFFF8180803B, StartTime=2016.04.02-11.33.40, Duration=5845.202637, RunGuid=RunIDCF08D234431C02F5CAB39291F5409DCC
DDCTransactionIdF4F03AF144892B5B1F7791AD329451A9_8, PutCachedData=, CacheKey=TEXTURE_814DCC3DC72143F49509781513CB9855_AutoDXT_380CBEEC4B0365DC1BA4B4B03846A__778844D4EC4F95B5FFFA07D3391CDB122AC749F9, StartTime=2016.04.02-11.33.46, HierarchicalDDC=, DataSize=4000310, Duration=22.128387, RunGuid=RunIDCF08D234431C02F5CAB39291F5409DCC
DDCTransactionId3A64ED1F4B7EE401C1612BAE24D44A04_8, PutCachedData=, CacheKey=NavCollision_B89838347A4348138EE337A847529C5C_NavCollision_X_5158DFD14804928FD__9A2182EB59E14F55FF5A61DB579A9C8E0FF4A48A, StartTime=2016.04.02-11.33.46, HierarchicalDDC=, DataSize=401, Duration=3.177401, RunGuid=RunIDCF08D234431C02F5CAB39291F5409DCC
MaterialTransactionIdCC6B98F64692B113176444B01A64186F_2, CacheKey=MATSM_4F0644619F9C48FF91E0D494C95EB050_PCD3D_SM5_5__BC5N_DEV_SL_NoDBuf_EARLYZ3EECB321A42081304466AC3803B8345F0_Num_SM5__0___TBasePassVSFNoLightMapPolicyAtmosphericFog8B18AAF8F9198748E9489BA6EBEFA581D907D7CD2094224222222222222222222222224222222222222222222222222222222222222222222424444444440222222222222222222222244442222222222222222222222222222221240222224222222222222222222222222222222222222222222222222222222000044040000001400000014000000140000001400000014000000_TBasePassVSFNoLightMapPolicy8B18AAF8F9198748E9489BA6EBEFA581D907D7CD2094224222222222222222222222224222222222222222222222222222222222222222222424444444440222222222222222222222244442222222222222222222222222222221240222224222222222222222222222222222222222222222222222222222222000044040000001400000014000000140000001400000014000000_TBasePassPSFNoLightMapPolicy8B95D470BB4BF92A5C22A48B60B9DA18A2BE42522144224222222222222222222222224222222222222222222222222222222222222222222424444444440222222222222222222222244442222222222222222222222222222221240222224222222222222222222222222222222222222222222222222222222222202004044001400000014000000140000001400000014000000_FEvaluateSurfelMaterialCS6258113C2EBBF117ED7778A8D1717F7C4F99C7B816742242222222222222222222222242222222222222222222222222222222222222222224244444444402222222222222222222222444422222222222222222222222222222222222222222222222222220000440414000000140000001400000014000000_FConvertToUniformMeshVSE7DF727A12438F2D529D6604B0B1C022849CCFEB152422422222222222222222222222422222222222222222222222222222222222222222242444444444022222222222222222222224444222222222222222222222222222222124022020040441400000014000000140000001400000014000000_FConvertToUniformMeshGSE7DF727A12438F2D529D6604B0B1C022849CCFEB152422422222222222222222222222422222222222222222222222222222222222222222242444444444022222222222222222222224444222222222222222222222222222222124022020040441400000014000000140000001400000014000000_FLocalVertexFactory5897CEF715AB93237703E35F9ABEBB43E8E477D34224200000000058000040404040404040404040434343444443434343404040404040404040404343434040404044040404040404040404040404343434444434343434040404040404040404043434340404016101010101000424244444444444444424141414341414141413131414141444341444044444444444444414141414141414141434143414141414141414141414131314444414241444444414101010004443414341414141444444434341434444444404444444444444444444444444444444444444444444444444444444444444444444444444404010101010101010101010101010101010101010101010101210443434343444144444444444444440101010101010101010101010101301434143424141414244414130331313141444444440000250000001000000010000000100000001000000010000000100000001000000010000000100000001000000010000000100000001000000010000000100000001000000010000000100000001000000010000000100000001000000010000000100000001000000025000000100000001000000010000000100000001000000010000000100000001000000010000000100000001000000010000000100000001000000010000000100000001000000010000000100000001000000010000000100000001000000010000000100000000800000008000000080000000800000008000000080000004900000010000000090000000800000010000000100000001000000026000000180000000900000009000000090000000900000009000000090000000900000009000000090000000900000009000000090000000900000009000000090000000900000009000000090000000800000008000000080000000800000008000000080000001C00000009000000090000000900000009000000090000000900000009000000080000000800000008000000080000000800000008000000080000000D00000008000000B2D65834587305AA5CA45F87B262626C3C611AF60000000000000000000000000000000000000000, ShaderCompilation=1298.752197, RunGuid=RunIDCF08D234431C02F5CAB39291F5409DCC
DDCTransactionIdF4F03AF144892B5B1F7791AD329451A9_9, PutCachedData=, CacheKey=MATSM_4F0644619F9C48FF91E0D494C95EB050_PCD3D_SM5_5__BC5N_DEV_SL_NoDBuf_EARLYZ3__EAE645F6E2C7D1DE5D18D894BF5540185108AE6E, StartTime=2016.04.02-11.33.48, HierarchicalDDC=, DataSize=19410, Duration=2.708997, RunGuid=RunIDCF08D234431C02F5CAB39291F5409DCC
DDCTransactionId3A64ED1F4B7EE401C1612BAE24D44A04_9, PutCachedData=, CacheKey=MATSM_4F0644619F9C48FF91E0D494C95EB050_PCD3D_SM5_5__BC5N_DEV_SL_NoDBuf_EARLYZ3__B1BB56F45A9A789514D3CD71C4E8A643C2B7EEC2, StartTime=2016.04.02-11.33.48, HierarchicalDDC=, DataSize=394751, Duration=7.521987, RunGuid=RunIDCF08D234431C02F5CAB39291F5409DCC
DDCTransactionIdF4F03AF144892B5B1F7791AD329451A9_10, PutCachedData=, CacheKey=MATSM_4F0644619F9C48FF91E0D494C95EB050_PCD3D_SM5_5__BC5N_DEV_SL_NoDBuf_EARLYZ3__7E1C59225CA5FA7556C711F121BB46153B298BB6, StartTime=2016.04.02-11.33.49, HierarchicalDDC=, DataSize=98360, Duration=2.623878, RunGuid=RunIDCF08D234431C02F5CAB39291F5409DCC
SavePackageTransactionIdB516B6DF4D0B306C2C14AD94FAEA166E_0, Filename=../../../../../../Users/owen/Documents/Unreal Projects/SpaceFPS/Saved/Autosaves/Game/Levels/UEDPCtestlevel.umap, AutoPackageBackupDelegate=4.732203, FlushAsyncLoading=0.006117, FlushStreamingFunc=0.060145, BlockTillAllRequestsFinished=0.009682, ResetLoadersForSaveUnMarkAllObjects=41.767712, TagPackageExports=1.866989, BeginCacheForCookedPlatformData=0.002038, SerializeImports=3.437087, GatherLocalizableTextData=19.105169, MarkNames=0.118759, SerializeSummary=0.024207, SerializeNames=0.486244, SerializeGatherableTextData=0.027269, BuildExportMap=0.417691, SortExportsNonSeekfree=0.884563, SortExportsSeekfreeConstructor=0.115190, SortExportsSeekfreeInner=30.953903, SortExportsSeekfree=0.007901, BuildDependencyMap=0.126150, SerializeImportMap=0.032112, SerializeExportMap=0.048421, SerializeDependencyMap=0.014782, SerializeStringAssetReferenceMap=0.002548, SaveThumbNailsAssetRegistryDataWorldLevelInfo=1.350421, SerializeExports=13.376013, SerializeBulkData=0.022426, MoveFile=1.512755, UnaccountedTime=0.317026, RunGuid=RunIDCF08D234431C02F5CAB39291F5409DCC
